<?xml version="1.0" encoding="UTF-8"?>
<project-private xmlns="http://www.netbeans.org/ns/project-private/1">
    <editor-bookmarks xmlns="http://www.netbeans.org/ns/editor-bookmarks/2" lastBookmarkId="0"/>
    <open-files xmlns="http://www.netbeans.org/ns/projectui-open-files/2">
        <group>
            <file>file:/C:/wamp64/www/kvalinetsite2/css/main.css</file>
            <file>file:/C:/wamp64/www/kvalinetsite2/index.html</file>
            <file>file:/C:/wamp64/www/kvalinetsite2/js/main.js</file>
            <file>file:/C:/wamp64/www/kvalinetsite2/sendmail.php</file>
        </group>
    </open-files>
</project-private>
